claim_id,subject,claim,source_id,evidence,confidence,used_in_scoring,public,notes
C001,"Преп-Центр","Есть отдельная услуга фулфилмента строительной химии",S002,"Профильная страница услуги","HIGH",TRUE,TRUE,""
C002,"Преп-Центр","В профильном кейсе принято 5 200 единиц и 9 SKU",S001,"5200 единиц; 9 SKU","HIGH",TRUE,TRUE,""
C003,"Преп-Центр","На входном контроле выявлены протечки, деформация, неплотные крышки и пересорт",S001,"9 протечек; 11 деформаций; 14 крышек; 18 пересорта","HIGH",TRUE,TRUE,""
C004,"Преп-Центр","5 180 единиц последовательно прошли термоусадку и ВПП",S001,"5180 операций каждого типа","HIGH",TRUE,TRUE,""
C005,"Преп-Центр","За 3 рабочих дня сформированы 148 коробов и 4 поставки WB/Ozon",S001,"3 дня; 148 коробов; 4 поставки","HIGH",TRUE,TRUE,""
C006,"Преп-Центр","Допуск зависит от состава, класса опасности, температуры и условий хранения",S002,"Прямо указанные ограничения","HIGH",TRUE,TRUE,""
C007,"Helpberries","Опубликован кейс производителя лакокрасочных материалов",S006,"Краски, грунтовки, герметики, шпатлевки","HIGH",TRUE,TRUE,""
C008,"Helpberries","В кейсе перемещено 18 000 единиц и 110 SKU",S006,"18000 единиц; 110 SKU","HIGH",TRUE,TRUE,""
C009,"Helpberries","Для тяжелых банок разработана усиленная упаковка и проведены краш-тесты",S006,"Короб с перегородками, стрейч, падение/вибрация","HIGH",TRUE,TRUE,""
C010,"Helpberries","Для туб и мелкой фасовки использованы пузырчатая пленка и ZIP-пакеты",S006,"Профильная упаковка мелкой фасовки","HIGH",TRUE,TRUE,""
C011,"Helpberries","В кейсе заявлено снижение возвратов по повреждениям с 4,5% до 0,6%",S006,"4.5% -> 0.6%","HIGH",TRUE,TRUE,""
C012,"Helpberries","В кейсе описана API-интеграция и учет остатков в реальном времени",S006,"API и личный кабинет","HIGH",TRUE,TRUE,""
C013,"Контракт Фактори","Компания специализируется на химическом сырье и бытовой химии",S010,"Контрактное производство химии","HIGH",TRUE,TRUE,""
C014,"Контракт Фактори","Стороннюю продукцию принимают, пересчитывают и проверяют целостность упаковки",S009,"Прямое описание услуги","HIGH",TRUE,TRUE,""
C015,"Контракт Фактори","Доступны ВПП, термоусадка, микрогофрокартон и поставки на WB/Ozon",S009,"Набор операций","HIGH",TRUE,TRUE,""
C016,"E-Fulfillment","Компания работает с Лемана ПРО, Петрович и ВсеИнструменты",S012,"Строительный сегмент","HIGH",TRUE,TRUE,""
C017,"E-Fulfillment","Подтверждены FBO/FBS, Честный знак и склад 4 600 м²",S012,"Полный цикл и масштаб","HIGH",TRUE,TRUE,""
C018,"E-Fulfillment","Склад расположен в Логопарке Быково рядом со складами строительных сетей",S014,"Локация и инфраструктура","HIGH",TRUE,TRUE,""
C019,"ПроФасовка","Есть отдельная услуга фасовки строительных смесей",S015,"Прямая категорийная страница","HIGH",TRUE,TRUE,""
C020,"ПроФасовка","Подтвержден фулфилмент для Ozon и Wildberries",S016,"FBO/FBS и подготовка поставок","HIGH",TRUE,TRUE,""
C021,"ПроФасовка","Приемка включает пересчет и проверку товара на дефекты",S016,"Прямое описание входного процесса","HIGH",TRUE,TRUE,""
C022,"Нитропак","Есть отдельная услуга для бытовой химии и жидкостей с защитой от протечек",S018,"Жидкости, термоусадка, обмотка","HIGH",TRUE,TRUE,""
C023,"Нитропак","Подтверждены WMS и отгрузки Wildberries/Ozon",S018,"WMS и FBO","HIGH",TRUE,TRUE,""
C024,"Нитропак","Опубликован прайс на приемку, упаковку, хранение и логистику",S019,"Открытый прайс","HIGH",TRUE,TRUE,""
C025,"Родной Дом","Есть отдельная услуга фулфилмента бытовой и автохимии",S020,"Профиль жидкой химии","HIGH",TRUE,TRUE,""
C026,"Родной Дом","Описаны термоусадка, ВПП, герметичный пакет и контроль протечек",S020,"Профильные упаковочные операции","HIGH",TRUE,TRUE,""
C027,"Родной Дом","Подтверждены Wildberries, Ozon, FBO и FBS",S020,"Полный цикл маркетплейсов","HIGH",TRUE,TRUE,""
C028,"FullMark","Для косметики и бытовой химии заявлена проверка герметичности и защита от протечек",S022,"Категорийный контроль","HIGH",TRUE,TRUE,""
C029,"FullMark","Подтверждены WB, Ozon, маркировка и полный цикл поставки",S022,"Фулфилмент под ключ","HIGH",TRUE,TRUE,""
C030,"LogixPRO","Склады работают под управлением WMS Manhattan SCALE",S023,"WMS Manhattan SCALE","HIGH",TRUE,TRUE,""
C031,"LogixPRO","Подтверждены адресное и паллетное хранение, комплектация и упаковка",S023,"Складской цикл","HIGH",TRUE,TRUE,""
C032,"LogixPRO","На площадке Южные Врата опубликован полный цикл фулфилмента и измеримые тарифы",S024,"Полный цикл и прайс","HIGH",TRUE,TRUE,""
C033,"FullBox","Подтверждены WMS, WB/Ozon, маркировка и Честный знак",S025,"Полный цикл","HIGH",TRUE,TRUE,""
C034,"FullBox","Склад использует вакуумную и термоусадочную линию до 7 000 упаковок в день",S026,"Оборудование и мощность","HIGH",TRUE,TRUE,""
C035,"WBBK","Подтверждены WMS, косметика, FBO/FBS/DBS и контроль товара",S027,"Смежная жидкая категория","HIGH",TRUE,TRUE,""
C036,"WBBK","Подтверждена подготовка FBO на Wildberries, Ozon и Яндекс Маркет",S028,"Приемка, маркировка, упаковка","HIGH",TRUE,TRUE,""
C037,"9Gramm","Прайс содержит ВПП, пупырчатые пакеты, термоусадку и визуальную проверку брака",S029,"Открытый перечень операций","HIGH",TRUE,TRUE,""
C038,"9Gramm","Подтверждены регулярные доставки на склады Wildberries и Ozon",S030,"Маркетплейсы и график","HIGH",TRUE,TRUE,""
C039,"UpMarket","Компания подтверждает ВПП/термоусадку и прямо указывает, что не работает с лакокрасочными покрытиями",S031,"Сильная упаковка, прямое категорийное ограничение","HIGH",TRUE,TRUE,""
C040,"ТехСкладЛогистик","Подтверждены FBS, упаковка по стандартам маркетплейсов и Честный знак",S033,"Складской процесс","HIGH",TRUE,TRUE,""
C041,"FulFillYou","Подтверждены 100 000+ ед./день, 40 000+ паллетомест и автоматизированная IT-платформа",S034,"Масштаб и технология","HIGH",TRUE,TRUE,""
C042,"Методика","Wildberries отдельно регламентирует упаковку жидкостей, клеев, красок и химии",S037,"Официальная инструкция маркетплейса","HIGH",FALSE,TRUE,"Контекст для выбора критериев"
